Date,Time,temp,humidity,datetime,temp_hum_product,temp_hum_ratio,humidex,temp_roll_mean_5,temp_roll_std_5,temp_roll_mean_30,temp_roll_std_30,humidity_roll_mean_5,humidity_roll_std_5,humidity_roll_mean_30,humidity_roll_std_30
3/14/19,19:33:07,22.0,20.0,2019-03-14 19:33:07,440.0,1.099999450000275,19.419897440360643,22.0,0.0,22.0,0.0,20.0,0.0,20.0,0.0
3/14/19,19:38:10,22.0,20.0,2019-03-14 19:38:10,440.0,1.099999450000275,19.419897440360643,22.0,0.0,22.0,0.0,20.0,0.0,20.0,0.0
3/14/19,19:43:11,22.0,26.0,2019-03-14 19:43:11,572.0,0.8461535207101843,20.312533339135502,22.0,0.0,22.0,0.0,22.0,3.4641016151377544,22.0,3.4641016151377544
3/14/19,19:48:14,22.0,26.0,2019-03-14 19:48:14,572.0,0.8461535207101843,20.312533339135502,22.0,0.0,22.0,0.0,23.0,3.4641016151377544,23.0,3.4641016151377544
3/14/19,19:53:15,22.0,20.0,2019-03-14 19:53:15,440.0,1.099999450000275,19.419897440360643,22.0,0.0,22.0,0.0,22.4,3.2863353450309964,22.4,3.2863353450309964
3/14/19,19:58:15,22.0,23.0,2019-03-14 19:58:15,506.0,0.9565213232515986,19.86621538974807,22.0,0.0,22.0,0.0,23.0,3.0,22.5,2.949576240750525
3/14/19,20:03:16,22.0,20.0,2019-03-14 20:03:16,440.0,1.099999450000275,19.419897440360643,22.0,0.0,22.0,0.0,23.0,3.0,22.142857142857142,2.8535691936340255
3/14/19,20:08:17,22.0,23.0,2019-03-14 20:08:17,506.0,0.9565213232515986,19.86621538974807,22.0,0.0,22.0,0.0,22.4,2.5099800796022267,22.25,2.659215781283755
3/14/19,20:13:17,21.0,20.0,2019-03-14 20:13:17,420.0,1.0499994750002626,18.239894161731023,21.8,0.44721359549995815,21.88888888888889,0.3333333333333334,21.2,1.643167672515498,22.0,2.598076211353316
3/14/19,20:18:18,21.0,21.0,2019-03-14 20:18:18,441.0,0.9999995238097505,18.37966664759535,21.6,0.5477225575051665,21.8,0.42163702135578407,21.4,1.5165750888103098,21.9,2.4698178070456938
3/14/19,20:23:19,21.0,20.0,2019-03-14 20:23:19,420.0,1.0499994750002626,18.239894161731023,21.4,0.5477225575051665,21.727272727272727,0.46709936649691397,20.8,1.303840481040529,21.727272727272727,2.412090756622109
3/14/19,20:28:19,21.0,20.0,2019-03-14 20:28:19,420.0,1.0499994750002626,18.239894161731023,21.2,0.44721359549995815,21.666666666666668,0.4923659639173309,20.8,1.303840481040529,21.583333333333332,2.3532698077098573
3/14/19,20:33:20,21.0,20.0,2019-03-14 20:33:20,420.0,1.0499994750002626,18.239894161731023,21.0,0.0,21.615384615384617,0.506369683541833,20.2,0.44721359549995665,21.46153846153846,2.2954805094425805
3/14/19,20:38:20,21.0,20.0,2019-03-14 20:38:20,420.0,1.0499994750002626,18.239894161731023,21.0,0.0,21.571428571428573,0.513552591013095,20.2,0.44721359549995665,21.357142857142858,2.239750771064387
3/14/19,20:43:21,21.0,20.0,2019-03-14 20:43:21,420.0,1.0499994750002626,18.239894161731023,21.0,0.0,21.533333333333335,0.5163977794943218,20.0,0.0,21.266666666666666,2.1865389045137933
3/14/19,20:48:22,21.0,20.0,2019-03-14 20:48:22,420.0,1.0499994750002626,18.239894161731023,21.0,0.0,21.5,0.5163977794943216,20.0,0.0,21.1875,2.1360009363293826
3/14/19,20:53:22,21.0,21.0,2019-03-14 20:53:22,441.0,0.9999995238097505,18.37966664759535,21.0,0.0,21.470588235294116,0.5144957554275259,20.2,0.44721359549995815,21.176470588235293,2.0686739145418453
3/14/19,20:58:25,21.0,26.0,2019-03-14 20:58:25,546.0,0.8076919970415396,19.078529076916997,21.0,0.0,21.444444444444443,0.5113099925649129,21.4,2.60768096208106,21.444444444444443,2.3065691920921205
3/14/19,21:03:26,21.0,20.0,2019-03-14 21:03:26,420.0,1.0499994750002626,18.239894161731023,21.0,0.0,21.42105263157895,0.5072572735017874,21.4,2.60768096208106,21.36842105263158,2.2659441572943955
3/14/19,21:08:29,21.0,21.0,2019-03-14 21:08:29,441.0,0.9999995238097505,18.37966664759535,21.0,0.0,21.4,0.5026246899500338,21.6,2.5099800796022276,21.35,2.207046132634963
3/14/19,21:13:30,21.0,20.0,2019-03-14 21:13:30,420.0,1.0499994750002626,18.239894161731023,21.0,0.0,21.38095238095238,0.4976133515281185,21.6,2.5099800796022276,21.285714285714285,2.1712405933672376
3/14/19,21:18:30,21.0,21.0,2019-03-14 21:18:30,441.0,0.9999995238097505,18.37966664759535,21.0,0.0,21.363636363636363,0.4923659639173302,21.6,2.5099800796022276,21.272727272727273,2.119789256861751
3/14/19,21:23:31,21.0,22.0,2019-03-14 21:23:31,462.0,0.9545450206613543,18.51943913345968,21.0,0.0,21.347826086956523,0.4869847535576732,20.8,0.8366600265340791,21.304347826086957,2.0765964857012733
3/14/19,21:28:31,21.0,20.0,2019-03-14 21:28:31,420.0,1.0499994750002626,18.239894161731023,21.0,0.0,21.333333333333332,0.481543412343076,20.8,0.8366600265340791,21.25,2.0483291175768223
3/14/19,21:33:32,20.0,21.0,2019-03-14 21:33:32,420.0,0.9523804988664292,17.20092337286852,20.8,0.44721359549995815,21.28,0.5416025603090632,20.8,0.8366600265340791,21.24,2.005824851110718
3/14/19,21:38:33,21.0,20.0,2019-03-14 21:38:33,420.0,1.0499994750002626,18.239894161731023,20.8,0.44721359549995815,21.26923076923077,0.5334935656738361,20.8,0.8366600265340791,21.192307692307693,1.9802874694191401
3/14/19,21:43:33,20.0,21.0,2019-03-14 21:43:33,420.0,0.9523804988664292,17.20092337286852,20.6,0.5477225575051665,21.22222222222222,0.5773502691896247,20.8,0.8366600265340791,21.185185185185187,1.942184278609981
3/14/19,21:48:34,20.0,21.0,2019-03-14 21:48:34,420.0,0.9523804988664292,17.20092337286852,20.4,0.5477225575051665,21.178571428571427,0.6118321864193014,20.6,0.5477225575051716,21.178571428571427,1.9061998540546277
3/14/19,21:53:35,20.0,21.0,2019-03-14 21:53:35,420.0,0.9523804988664292,17.20092337286852,20.2,0.44721359549995815,21.137931034482758,0.6394270834691707,20.8,0.44721359549996437,21.17241379310345,1.8721447883041484
3/14/19,21:58:35,20.0,21.0,2019-03-14 21:58:35,420.0,0.9523804988664292,17.20092337286852,20.2,0.44721359549995815,21.1,0.6617635789938552,20.8,0.44721359549996437,21.166666666666668,1.8398525678065534
3/14/19,22:03:36,20.0,21.0,2019-03-14 22:03:36,420.0,0.9523804988664292,17.20092337286852,20.0,0.0,21.033333333333335,0.6686751354593695,21.0,0.0,21.2,1.8270005567822794
3/14/19,22:08:36,20.0,21.0,2019-03-14 22:08:36,420.0,0.9523804988664292,17.20092337286852,20.0,0.0,20.966666666666665,0.6686751354593689,21.0,0.0,21.233333333333334,1.813423763803275
3/14/19,22:13:40,20.0,21.0,2019-03-14 22:13:40,420.0,0.9523804988664292,17.20092337286852,20.0,0.0,20.9,0.6617635789938534,21.0,0.0,21.066666666666666,1.5742175578808124
3/14/19,22:18:40,20.0,21.0,2019-03-14 22:18:40,420.0,0.9523804988664292,17.20092337286852,20.0,0.0,20.833333333333332,0.6477192523656002,21.0,0.0,20.9,1.268993627874547
3/14/19,22:23:41,20.0,27.0,2019-03-14 22:23:41,540.0,0.7407404663924199,17.988488780989684,20.0,0.0,20.766666666666666,0.6260623155792878,22.2,2.6832815729997477,21.133333333333333,1.6760654528683683
3/14/19,22:28:42,21.0,20.0,2019-03-14 22:28:42,420.0,1.0499994750002626,18.239894161731023,20.2,0.44721359549995815,20.733333333333334,0.5832922809856693,22.0,2.8284271247461903,21.033333333333335,1.6501480254047285
3/14/19,22:33:42,20.0,27.0,2019-03-14 22:33:42,540.0,0.7407404663924199,17.988488780989684,20.2,0.44721359549995815,20.666666666666668,0.5466722735905275,23.2,3.4928498393145966,21.266666666666666,1.9640446187314111
3/14/19,22:38:43,20.0,22.0,2019-03-14 22:38:43,440.0,0.9090904958679564,17.332184274222048,20.2,0.44721359549995815,20.6,0.498272879122432,23.4,3.3615472627943226,21.233333333333334,1.941974347877976
3/14/19,22:43:43,20.0,27.0,2019-03-14 22:43:43,540.0,0.7407404663924199,17.988488780989684,20.2,0.44721359549995815,20.566666666666666,0.5040069329937228,24.6,3.3615472627943226,21.466666666666665,2.192987779787851
3/14/19,22:48:44,20.0,22.0,2019-03-14 22:48:44,440.0,0.9090904958679564,17.332184274222048,20.2,0.44721359549995815,20.533333333333335,0.5074162634049166,23.6,3.209361307176243,21.5,2.193249832460088
3/14/19,22:53:45,20.0,22.0,2019-03-14 22:53:45,440.0,0.9090904958679564,17.332184274222048,20.0,0.0,20.5,0.5085476277155994,24.0,2.738612787525831,21.566666666666666,2.176414852273206
3/14/19,22:58:45,20.0,21.0,2019-03-14 22:58:45,420.0,0.9523804988664292,17.20092337286852,20.0,0.0,20.466666666666665,0.5074162634049162,22.8,2.387467277262665,21.6,2.159182476197239
3/14/19,23:03:46,20.0,21.0,2019-03-14 23:03:46,420.0,0.9523804988664292,17.20092337286852,20.0,0.0,20.433333333333334,0.5040069329937218,22.6,2.509980079602227,21.633333333333333,2.141274730450151
3/14/19,23:08:46,22.0,23.0,2019-03-14 23:08:46,506.0,0.9565213232515986,19.86621538974807,20.4,0.8944271909999163,20.466666666666665,0.571346463723358,21.8,0.8366600265340786,21.733333333333334,2.132399220779639
3/14/19,23:38:29,19.0,24.0,2019-03-14 23:38:29,456.0,0.791666336805693,16.401595573792598,20.2,1.0954451150103326,20.4,0.6214554662658579,22.2,1.303840481040532,21.866666666666667,2.145296914316225
3/14/19,23:43:29,19.0,21.0,2019-03-14 23:43:29,399.0,0.9047614739231077,16.03195168262408,20.0,1.2247448713915894,20.333333333333332,0.6608945522512595,22.0,1.414213562373097,21.9,2.1229452540572353
3/14/19,23:48:40,19.0,22.0,2019-03-14 23:48:40,418.0,0.8636359710745586,16.155166313013584,19.8,1.30384048104053,20.266666666666666,0.6914918072835139,22.2,1.3038404810405317,21.933333333333334,2.116166562333937
3/14/19,23:53:41,9.0,140.0,2019-03-14 23:53:41,1260.0,0.06428570969387788,12.384670845279391,17.6,4.979959839195494,19.866666666666667,2.1613107985239144,46.0,52.55949010407159,25.733333333333334,21.671422996947932
3/14/19,23:58:41,19.0,21.0,2019-03-14 23:58:41,399.0,0.9047614739231077,16.03195168262408,17.0,4.4721359549995805,19.8,2.1559860533103996,45.6,52.78541465215557,25.766666666666666,21.663067782452384
3/15/19,0:03:47,19.0,33.0,2019-03-15 00:03:47,627.0,0.5757574012856359,17.510527247298157,17.0,4.4721359549995805,19.733333333333334,2.1485092399203167,47.4,52.0124984979572,26.166666666666668,21.68279682515426
3/15/19,0:08:50,19.0,22.0,2019-03-15 00:08:50,418.0,0.8636359710745586,16.155166313013584,17.0,4.4721359549995805,19.666666666666668,2.1388577894937635,47.6,51.88737804129247,26.233333333333334,21.666251101231364
3/15/19,0:13:53,19.0,21.0,2019-03-15 00:13:53,399.0,0.9047614739231077,16.03195168262408,17.0,4.4721359549995805,19.6,2.127002099442892,47.4,52.0124984979572,26.233333333333334,21.666251101231364
3/15/19,0:18:54,20.0,23.0,2019-03-15 00:18:54,460.0,0.8695648393196351,17.463445175575576,19.2,0.44721359549995815,19.566666666666666,2.112088904433209,24.0,5.09901951359283,26.266666666666666,21.66028199474684
3/15/19,0:23:57,19.0,21.0,2019-03-15 00:23:57,399.0,0.9047614739231077,16.03195168262408,19.2,0.44721359549995815,19.5,2.096795584728735,24.0,5.09901951359283,26.3,21.6510730800402
3/15/19,0:28:58,19.0,21.0,2019-03-15 00:28:58,399.0,0.9047614739231077,16.03195168262408,19.2,0.44721359549995815,19.466666666666665,2.096521475885845,21.6,0.8944271910001702,26.3,21.6510730800402
3/15/19,0:33:58,18.0,24.0,2019-03-15 00:33:58,432.0,0.7499996875001302,15.219116724577738,19.0,0.7071067811865477,19.366666666666667,2.0924055341974737,22.0,1.414213562373256,26.433333333333334,21.623236756232682
3/15/19,0:38:59,19.0,25.0,2019-03-15 00:38:59,475.0,0.7599996960001216,16.524810204182103,19.0,0.7071067811865477,19.333333333333332,2.089932078311161,22.8,1.788854381999959,26.566666666666666,21.600899300138238
3/15/19,0:43:59,19.0,21.0,2019-03-15 00:43:59,399.0,0.9047614739231077,16.03195168262408,18.8,0.44721359549995815,19.3,2.086904984371135,22.4,1.9493588689619092,26.566666666666666,21.600899300138238
3/15/19,0:49:00,17.0,22.0,2019-03-15 00:49:00,374.0,0.772726921487763,13.829896197156556,18.4,0.8944271909999156,19.2,2.1237572430921077,22.6,1.8165902124586202,26.6,21.592782957786362
3/15/19,0:54:01,19.0,21.0,2019-03-15 00:54:01,399.0,0.9047614739231077,16.03195168262408,18.4,0.8944271909999156,19.166666666666668,2.118609389936337,22.6,1.8165902124586202,26.6,21.592782957786362
3/15/19,0:59:01,19.0,24.0,2019-03-15 00:59:01,456.0,0.791666336805693,16.401595573792598,18.6,0.8944271909999156,19.133333333333333,2.112905065565402,22.6,1.8165902124586202,26.7,21.572891673867318
3/15/19,1:04:04,18.0,22.0,2019-03-15 01:04:04,396.0,0.8181814462811607,14.98789403456663,18.4,0.8944271909999156,19.066666666666666,2.1161665623339316,22.0,1.2247448713917752,26.733333333333334,21.564551584892076
3/15/19,1:09:07,18.0,22.0,2019-03-15 01:09:07,396.0,0.8181814462811607,14.98789403456663,18.2,0.8366600265340751,19.0,2.117252611449478,22.2,1.0954451150105404,26.766666666666666,21.556154946834887
3/15/19,1:14:08,18.0,22.0,2019-03-15 01:14:08,396.0,0.8181814462811607,14.98789403456663,18.4,0.5477225575051655,18.933333333333334,2.116166562333931,22.2,1.0954451150105404,26.8,21.547701693588163
3/15/19,1:19:09,18.0,22.0,2019-03-15 01:19:09,396.0,0.8181814462811607,14.98789403456663,18.2,0.4472135954999569,18.866666666666667,2.1129050655654007,22.4,0.8944271910001709,26.633333333333333,21.565431043500013
3/15/19,1:24:09,18.0,22.0,2019-03-15 01:24:09,396.0,0.8181814462811607,14.98789403456663,18.0,0.0,18.766666666666666,2.079179767539859,22.0,6.748433038129957e-07,26.7,21.54730161520351
3/15/19,1:29:12,18.0,28.0,2019-03-15 01:29:12,504.0,0.6428569132653881,15.681562104599955,18.0,0.0,18.7,2.070315651428955,23.2,2.683281572999833,26.733333333333334,21.54855516931605
3/15/19,1:34:13,18.0,22.0,2019-03-15 01:34:13,396.0,0.8181814462811607,14.98789403456663,18.0,0.0,18.633333333333333,2.059181848467358,23.2,2.6832815729998325,26.733333333333334,21.54855516931605
3/15/19,1:39:14,18.0,23.0,2019-03-15 01:39:14,414.0,0.7826083553876716,15.103505379572184,18.0,0.0,18.566666666666666,2.0457413011581744,23.4,2.607680962081147,26.6,21.559220765138985
3/15/19,1:44:17,18.0,28.0,2019-03-15 01:44:17,504.0,0.6428569132653881,15.681562104599955,18.0,0.0,18.5,2.029948190268014,24.6,3.1304951684997784,26.8,21.542900262595516
3/15/19,1:49:17,18.0,22.0,2019-03-15 01:49:17,396.0,0.8181814462811607,14.98789403456663,18.0,0.0,18.433333333333334,2.0117471105438627,24.6,3.1304951684997784,26.8,21.542900262595516
3/15/19,1:54:18,18.0,22.0,2019-03-15 01:54:18,396.0,0.8181814462811607,14.98789403456663,18.0,0.0,18.366666666666667,1.9910720268468252,23.4,2.607680962081147,26.833333333333332,21.53438843007786
3/15/19,1:59:23,18.0,22.0,2019-03-15 01:59:23,396.0,0.8181814462811607,14.98789403456663,18.0,0.0,18.3,1.9678449616530813,23.4,2.607680962081147,26.866666666666667,21.52581983433453
3/15/19,2:04:24,18.0,24.0,2019-03-15 02:04:24,432.0,0.7499996875001302,15.219116724577738,18.0,0.0,18.166666666666668,1.8398525678065445,23.6,2.607680962081147,26.9,21.520399304076506
3/15/19,2:09:25,18.0,22.0,2019-03-15 02:09:25,396.0,0.8181814462811607,14.98789403456663,18.0,0.0,18.133333333333333,1.8332810859848667,22.4,0.8944271910001714,26.833333333333332,21.53278708249886
3/15/19,2:14:25,18.0,22.0,2019-03-15 02:14:25,396.0,0.8181814462811607,14.98789403456663,18.0,0.0,18.1,1.8260566142977759,22.4,0.8944271910001714,26.866666666666667,21.524217849273604
3/15/19,2:19:28,18.0,22.0,2019-03-15 02:19:28,396.0,0.8181814462811607,14.98789403456663,18.0,0.0,18.066666666666666,1.8181713688309875,22.4,0.8944271910001714,26.866666666666667,21.524217849273604
3/15/19,2:24:34,17.0,23.0,2019-03-15 02:24:34,391.0,0.7391301134216899,13.938325822279834,17.8,0.44721359549995815,18.333333333333332,0.6608945522512434,22.6,0.8944271910001714,22.966666666666665,2.592872635851398
3/15/19,2:29:35,17.0,28.0,2019-03-15 02:29:35,476.0,0.6071426403061999,14.480473947896224,17.6,0.5477225575051665,18.266666666666666,0.6914918072834981,23.4,2.607680962081148,23.2,2.721561417959182
3/15/19,2:34:35,18.0,22.0,2019-03-15 02:34:35,396.0,0.8181814462811607,14.98789403456663,17.6,0.5477225575051665,18.233333333333334,0.6789105539243394,23.4,2.607680962081148,22.833333333333332,2.001436265894228
3/15/19,2:39:36,17.0,28.0,2019-03-15 02:39:36,476.0,0.6071426403061999,14.480473947896224,17.4,0.5477225575051665,18.166666666666668,0.6989318615762228,24.6,3.1304951684997793,23.033333333333335,2.2047493146001287
3/15/19,2:44:36,18.0,22.0,2019-03-15 02:44:36,396.0,0.8181814462811607,14.98789403456663,17.4,0.5477225575051665,18.133333333333333,0.6814453874610357,24.6,3.1304951684997793,23.066666666666666,2.1803722132942345
3/15/19,2:49:39,17.0,28.0,2019-03-15 02:49:39,476.0,0.6071426403061999,14.480473947896224,17.4,0.5477225575051665,18.033333333333335,0.6149478998583499,25.6,3.2863353450310666,23.233333333333334,2.3588912259983097
3/15/19,2:54:40,17.0,22.0,2019-03-15 02:54:40,374.0,0.772726921487763,13.829896197156556,17.4,0.5477225575051665,17.966666666666665,0.6149478998583489,24.4,3.2863353450310666,23.266666666666666,2.3331691239426675
3/15/19,2:59:41,17.0,28.0,2019-03-15 02:59:41,476.0,0.6071426403061999,14.480473947896224,17.2,0.44721359549995815,17.9,0.6074253182419564,25.6,3.2863353450310666,23.5,2.4459678290381324
3/15/19,3:04:41,17.0,28.0,2019-03-15 03:04:41,476.0,0.6071426403061999,14.480473947896224,17.2,0.44721359549995815,17.866666666666667,0.6288102248298264,25.6,3.2863353450310666,23.633333333333333,2.5795392977246165
3/15/19,3:09:42,17.0,25.0,2019-03-15 03:09:42,425.0,0.6799997280001088,14.15518507252639,17.0,0.0,17.8,0.6102571532586971,26.2,2.683281572999833,23.633333333333333,2.5795392977246165
3/15/19,3:14:42,17.0,22.0,2019-03-15 03:14:42,374.0,0.772726921487763,13.829896197156556,17.0,0.0,17.733333333333334,0.5832922809856399,25.0,3.0000000000000764,23.666666666666668,2.5506366119925126
3/15/19,3:19:43,17.0,22.0,2019-03-15 03:19:43,374.0,0.772726921487763,13.829896197156556,17.0,0.0,17.733333333333334,0.5832922809856399,25.0,3.0000000000000764,23.666666666666668,2.5506366119925126
3/15/19,3:24:46,17.0,22.0,2019-03-15 03:24:46,374.0,0.772726921487763,13.829896197156556,17.0,0.0,17.666666666666668,0.5466722735904956,23.8,2.683281572999833,23.7,2.5209467296618877
3/15/19,3:29:47,17.0,28.0,2019-03-15 03:29:47,476.0,0.6071426403061999,14.480473947896224,17.0,0.0,17.6,0.49827287912239654,23.8,2.683281572999833,23.833333333333332,2.640315202360498
3/15/19,3:34:47,17.0,22.0,2019-03-15 03:34:47,374.0,0.772726921487763,13.829896197156556,17.0,0.0,17.566666666666666,0.5040069329936875,23.2,2.683281572999833,23.833333333333332,2.640315202360498
3/15/19,3:39:48,17.0,22.0,2019-03-15 03:39:48,374.0,0.772726921487763,13.829896197156556,17.0,0.0,17.533333333333335,0.5074162634048814,23.2,2.683281572999833,23.833333333333332,2.640315202360498
3/15/19,3:44:51,17.0,22.0,2019-03-15 03:44:51,374.0,0.772726921487763,13.829896197156556,17.0,0.0,17.5,0.5085476277155639,23.2,2.683281572999833,23.833333333333332,2.640315202360498
3/15/19,3:49:52,17.0,22.0,2019-03-15 03:49:52,374.0,0.772726921487763,13.829896197156556,17.0,0.0,17.466666666666665,0.5074162634048806,23.2,2.683281572999833,23.833333333333332,2.640315202360498
3/15/19,3:54:52,17.0,22.0,2019-03-15 03:54:52,374.0,0.772726921487763,13.829896197156556,17.0,0.0,17.433333333333334,0.5040069329936857,22.0,0.0,23.833333333333332,2.640315202360498
3/15/19,3:59:53,17.0,27.0,2019-03-15 03:59:53,459.0,0.6296293964335569,14.372044322772945,17.0,0.0,17.4,0.4982728791223937,23.0,2.23606797749979,23.8,2.591764144228832
3/15/19,4:04:53,17.0,22.0,2019-03-15 04:04:53,374.0,0.772726921487763,13.829896197156556,17.0,0.0,17.366666666666667,0.4901325178535137,23.0,2.23606797749979,23.8,2.591764144228832
3/15/19,4:09:54,16.0,26.0,2019-03-15 04:09:54,416.0,0.6153843786983159,13.087316603365764,16.8,0.44721359549995815,17.3,0.5349830806218799,23.8,2.4899799195977463,23.9,2.617579824557582
3/15/19,4:14:55,17.0,23.0,2019-03-15 04:14:55,391.0,0.7391301134216899,13.938325822279834,16.8,0.44721359549995815,17.266666666666666,0.5208304597621419,24.0,2.3452078799117144,23.733333333333334,2.5042492623171433
3/15/19,4:19:55,15.0,23.0,2019-03-15 04:19:55,345.0,0.6521736294897263,11.635184450093696,16.4,0.8944271909999156,17.166666666666668,0.647719252365566,24.2,2.16794833886788,23.766666666666666,2.4869775775555825
3/15/19,4:24:56,16.0,29.0,2019-03-15 04:24:56,464.0,0.5517239476813973,13.39226339093361,16.2,0.8366600265340751,17.1,0.6617635789938183,24.6,2.880972058177586,24.0,2.6392266369865207
3/15/19,4:29:56,16.0,26.0,2019-03-15 04:29:56,416.0,0.6153843786983159,13.087316603365764,16.0,0.7071067811865469,17.033333333333335,0.6686751354593327,25.4,2.5099800796022262,24.133333333333333,2.6357402066177698
3/15/19,4:35:00,16.0,27.0,2019-03-15 04:35:00,432.0,0.5925923731139359,13.188965532555047,16.0,0.7071067811865469,16.966666666666665,0.6686751354593317,25.6,2.6076809620810586,24.233333333333334,2.686920212787297
3/15/19,4:40:00,16.0,23.0,2019-03-15 04:40:00,368.0,0.6956518714557081,12.78236981579792,15.8,0.4472135954999569,16.9,0.6617635789938154,25.6,2.6076809620810586,24.266666666666666,2.6643668243529306
3/15/19,4:45:01,16.0,29.0,2019-03-15 04:45:01,464.0,0.5517239476813973,13.39226339093361,16.0,0.0,16.833333333333332,0.647719252365561,26.8,2.4899799195977455,24.5,2.7636807041484803
3/15/19,4:50:04,17.0,22.0,2019-03-15 04:50:04,374.0,0.772726921487763,13.829896197156556,16.2,0.44721359549995815,16.8,0.6102571532586829,25.4,2.8809720581775857,24.5,2.7636807041484803
3/15/19,4:55:04,16.0,24.0,2019-03-15 04:55:04,384.0,0.6666663888890046,12.884018744987202,16.2,0.44721359549995815,16.766666666666666,0.626062315579247,25.0,2.915475947422649,24.533333333333335,2.7509663923708527
3/15/19,5:00:08,16.0,23.0,2019-03-15 05:00:08,368.0,0.6956518714557081,12.78236981579792,16.2,0.44721359549995815,16.733333333333334,0.6396838299494468,24.2,2.7748873851023204,24.366666666666667,2.6843522731632414
3/15/19,5:05:08,16.0,30.0,2019-03-15 05:05:08,480.0,0.5333331555556148,13.493912320122892,16.2,0.44721359549995815,16.666666666666668,0.606478434863074,25.6,3.6469165057620923,24.633333333333333,2.8343135559308217
3/15/19,5:10:09,16.0,23.0,2019-03-15 05:10:09,368.0,0.6956518714557081,12.78236981579792,16.2,0.44721359549995815,16.633333333333333,0.6149478998583295,24.4,3.209361307176241,24.466666666666665,2.7759227522459384
3/15/19,5:15:09,16.0,25.0,2019-03-15 05:15:09,400.0,0.6399997440001024,12.985667674176483,16.0,0.0,16.566666666666666,0.5683207771558814,25.0,2.9154759474226486,24.566666666666666,2.7377732372953134
3/15/19,5:20:10,16.0,23.0,2019-03-15 05:20:10,368.0,0.6956518714557081,12.78236981579792,16.0,0.0,16.533333333333335,0.5713464637233115,24.8,3.033150177620619,24.4,2.672981029900283
3/15/19,5:25:11,16.0,24.0,2019-03-15 05:25:11,384.0,0.6666663888890046,12.884018744987202,16.0,0.0,16.5,0.5723514714722842,25.0,2.9154759474226486,24.466666666666665,2.635740206617771
3/15/19,5:30:11,16.0,23.0,2019-03-15 05:30:11,368.0,0.6956518714557081,12.78236981579792,16.0,0.0,16.466666666666665,0.5713464637233102,23.6,0.8944271909999111,24.3,2.561653560791763
3/15/19,5:35:12,16.0,23.0,2019-03-15 05:35:12,368.0,0.6956518714557081,12.78236981579792,16.0,0.0,16.433333333333334,0.5683207771558788,23.6,0.8944271909999111,24.133333333333333,2.4737704480983944
3/15/19,5:40:12,16.0,24.0,2019-03-15 05:40:12,384.0,0.6666663888890046,12.884018744987202,16.0,0.0,16.4,0.5632418479749882,23.4,0.5477225575051591,24.1,2.4684212461157706
3/15/19,5:45:13,16.0,23.0,2019-03-15 05:45:13,368.0,0.6956518714557081,12.78236981579792,16.0,0.0,16.366666666666667,0.5560534167674762,23.4,0.5477225575051591,24.133333333333333,2.4457328544634986
3/15/19,5:50:14,16.0,24.0,2019-03-15 05:50:14,384.0,0.6666663888890046,12.884018744987202,16.0,0.0,16.333333333333332,0.5466722735904728,23.4,0.5477225575051591,24.2,2.4126105477619655
3/15/19,5:55:19,16.0,24.0,2019-03-15 05:55:19,384.0,0.6666663888890046,12.884018744987202,16.0,0.0,16.3,0.5349830806218607,23.6,0.5477225575051591,24.266666666666666,2.377093753440019
3/15/19,6:00:22,15.0,26.0,2019-03-15 06:00:22,390.0,0.5769228550296711,11.92093314648273,15.8,0.44721359549995815,16.233333333333334,0.5683207771558744,24.2,1.0954451150103288,24.2,2.295422731707878
3/15/19,6:05:23,16.0,24.0,2019-03-15 06:05:23,384.0,0.6666663888890046,12.884018744987202,15.8,0.44721359549995815,16.2,0.5508613944196841,24.2,1.0954451150103288,24.266666666666666,2.2580634567506124
3/15/19,6:10:24,16.0,37.0,2019-03-15 06:10:24,592.0,0.4324323155588336,14.205454824447862,15.8,0.44721359549995815,16.166666666666668,0.5306686305051654,27.0,5.65685424949238,24.766666666666666,3.202190342329083
3/15/19,6:15:24,15.0,30.0,2019-03-15 06:15:24,450.0,0.4999998333333889,12.301931408334774,15.6,0.5477225575051663,16.1,0.5477225575051,28.2,5.495452665613634,25.033333333333335,3.2955909242850208
3/15/19,6:20:27,15.0,28.0,2019-03-15 06:20:27,420.0,0.5357140943878235,12.111432277408753,15.4,0.5477225575051663,16.033333333333335,0.5560534167674693,29.0,4.999999999999999,25.233333333333334,3.287209626177908
3/15/19,6:25:28,15.0,24.0,2019-03-15 06:25:28,360.0,0.6249997395834419,11.730434015556707,15.4,0.5477225575051663,15.966666666666667,0.5560534167674682,28.6,5.366563145999495,25.3,3.2393060133732017
3/15/19,6:30:29,15.0,26.0,2019-03-15 06:30:29,390.0,0.5769228550296711,11.92093314648273,15.2,0.44721359549995815,15.9,0.5477225575050966,29.0,4.999999999999999,25.266666666666666,3.2263284709246167
3/15/19,6:35:29,15.0,24.0,2019-03-15 06:35:29,360.0,0.6249997395834419,11.730434015556707,15.0,0.0,15.833333333333334,0.5306686305051596,26.4,2.6076809620810577,25.333333333333332,3.1767835971290888
3/15/19,6:40:30,15.0,30.0,2019-03-15 06:40:30,450.0,0.4999998333333889,12.301931408334774,15.0,0.0,15.8,0.5508613944196771,26.4,2.6076809620810577,25.466666666666665,3.2877340832705406
3/15/19,6:45:30,15.0,24.0,2019-03-15 06:45:30,360.0,0.6249997395834419,11.730434015556707,15.0,0.0,15.733333333333333,0.520830459762112,25.6,2.6076809620810577,25.5,3.2668660506827307
3/15/19,6:50:33,15.0,26.0,2019-03-15 06:50:33,390.0,0.5769228550296711,11.92093314648273,15.0,0.0,15.733333333333333,0.520830459762112,26.0,2.449489742783176,25.6,3.2334459039534034
3/15/19,6:55:36,16.0,24.0,2019-03-15 06:55:36,384.0,0.6666663888890046,12.884018744987202,15.2,0.44721359549995815,15.733333333333333,0.520830459762112,25.6,2.6076809620810577,25.433333333333334,3.1805804429416527
3/15/19,7:00:37,15.0,25.0,2019-03-15 07:00:37,375.0,0.599999760000096,11.82568358101972,15.2,0.44721359549995815,15.7,0.5349830806218497,25.8,2.4899799195977446,25.4,3.1796768432635
3/15/19,7:05:43,16.0,26.0,2019-03-15 07:05:43,416.0,0.6153843786983159,13.087316603365764,15.4,0.5477225575051663,15.7,0.5349830806218497,25.0,0.999999999999996,25.366666666666667,3.1675437381878817
3/15/19,7:10:43,16.0,27.0,2019-03-15 07:10:43,432.0,0.5925923731139359,13.188965532555047,15.6,0.5477225575051663,15.7,0.5349830806218497,25.6,1.1401754250991343,25.5,3.148617649612002
3/15/19,7:15:46,16.0,26.0,2019-03-15 07:15:46,416.0,0.6153843786983159,13.087316603365764,15.8,0.44721359549995815,15.7,0.5349830806218497,25.6,1.1401754250991343,25.4,3.0805283917558235
3/15/19,7:20:47,17.0,23.0,2019-03-15 07:20:47,391.0,0.7391301134216899,13.938325822279834,16.0,0.7071067811865477,15.7,0.5349830806218497,25.4,1.5165750888103067,25.433333333333334,3.0477049967354723
3/15/19,7:25:48,19.0,21.0,2019-03-15 07:25:48,399.0,0.9047614739231077,16.03195168262408,16.8,1.3038404810405297,15.8,0.8051557998728492,24.6,2.509980079602225,25.333333333333332,3.1440511241492706
3/15/19,7:30:48,19.0,27.0,2019-03-15 07:30:48,513.0,0.7037034430727989,16.771239464961116,17.4,1.5165750888103102,15.9,0.9948141396329855,24.8,2.6832815729997463,25.466666666666665,3.1264536848765396
3/15/19,7:35:49,22.0,20.0,2019-03-15 07:35:49,440.0,1.099999450000275,19.419897440360643,18.6,2.3021728866442674,16.1,1.4936647825929847,23.4,3.04959013639538,25.133333333333333,3.159368480472357
3/15/19,7:40:49,26.0,19.0,2019-03-15 07:40:49,494.0,1.3684203324103514,24.057465075145675,20.6,3.5071355833500357,16.433333333333334,2.3442274417919666,22.0,3.1622776601683777,25.0,3.3321837098008222
3/15/19,7:45:50,27.0,17.0,2019-03-15 07:45:50,459.0,1.5882343598621413,24.8782071450392,22.6,3.781534080237806,16.8,3.03315017762061,20.8,3.7682887362833535,24.733333333333334,3.6382388059602806
3/15/19,7:50:50,28.0,17.0,2019-03-15 07:50:50,476.0,1.6470578546718502,26.090310977065982,24.4,3.781534080237806,17.2,3.6521132285955624,20.0,4.12310562561766,24.533333333333335,3.8928168449730096
3/15/19,7:55:51,30.0,16.0,2019-03-15 07:55:51,480.0,1.8749988281257324,28.308270809881456,26.6,2.966479394838264,17.666666666666668,4.325811331780534,17.8,1.6431676725154962,24.266666666666666,4.193042951771679
3/15/19,8:00:51,30.0,16.0,2019-03-15 08:00:51,480.0,1.8749988281257324,28.308270809881456,28.2,1.7888543819998288,18.133333333333333,4.861767333922445,17.0,1.2247448713915865,24.033333333333335,4.452688713755885
3/15/19,8:05:52,30.0,16.0,2019-03-15 08:05:52,480.0,1.8749988281257324,28.308270809881456,29.0,1.4142135623730916,18.6,5.301918975954477,16.4,0.5477225575051601,23.8,4.68600263440547
3/15/19,8:10:53,31.0,15.0,2019-03-15 08:10:53,465.0,2.0666652888898076,29.286003845333322,29.8,1.0954451150103275,19.1,5.737655414467863,16.0,0.7071067811865427,23.5,4.953229528158422
3/15/19,8:15:53,32.0,15.0,2019-03-15 08:15:53,480.0,2.133331911112059,30.51692457917648,30.6,0.8944271909999095,19.633333333333333,6.16711710066651,15.6,0.5477225575051597,23.233333333333334,5.190730021964091
3/15/19,8:20:54,33.0,15.0,2019-03-15 08:20:54,495.0,2.1999985333343113,31.76008019115605,31.2,1.3038404810405255,20.2,6.5883910442325835,15.4,0.5477225575051597,22.933333333333334,5.400723663728204
3/15/19,8:25:54,34.0,14.0,2019-03-15 08:25:54,476.0,2.42856969387879,32.711255078168485,32.0,1.5811388300841862,20.8,6.999507371828096,15.0,0.7071067811865427,22.6,5.636090599110261
3/15/19,8:30:55,34.0,15.0,2019-03-15 08:30:55,510.0,2.266665155556563,33.01602726629163,32.8,1.303840481040526,21.433333333333334,7.3093390112656005,14.8,0.4472135954999502,22.233333333333334,5.763639495135412
3/15/19,8:35:56,34.0,14.0,2019-03-15 08:35:56,476.0,2.42856969387879,32.711255078168485,33.4,0.8944271909999115,22.033333333333335,7.581662693328048,14.6,0.5477225575051597,21.9,5.944281517443501
3/15/19,8:40:56,35.0,13.0,2019-03-15 08:40:56,455.0,2.6923056213033685,33.639890057973105,34.0,0.7071067811865425,22.666666666666668,7.849152527649012,14.2,0.8366600265340712,21.1,5.435198185010781
3/15/19,8:45:57,36.0,13.0,2019-03-15 08:45:57,468.0,2.769228639054893,34.88540260473591,34.6,0.8944271909999115,23.366666666666667,8.07500756200493,13.8,0.8366600265340712,20.533333333333335,5.360991502050446
3/15/19,8:50:57,36.0,13.0,2019-03-15 08:50:57,468.0,2.769228639054893,34.88540260473591,35.0,0.999999999999996,24.066666666666666,8.233377541879547,13.6,0.8944271909999119,20.033333333333335,5.34004606291206
3/15/19,8:55:58,31.0,15.0,2019-03-15 08:55:58,465.0,2.0666652888898076,29.286003845333322,34.4,2.0736441353327697,24.6,8.143539855573275,13.6,0.8944271909999119,19.733333333333334,5.3622777798716585
3/15/19,9:00:59,35.0,13.0,2019-03-15 09:00:59,455.0,2.6923056213033685,33.639890057973105,34.6,2.0736441353327697,25.266666666666666,8.149183726134718,13.4,0.8944271909999119,19.3,5.363670899415896
3/15/19,9:05:59,37.0,12.0,2019-03-15 09:05:59,444.0,3.08333076389103,35.78208831432154,35.0,2.3452078799117126,26.0,8.183246131052114,13.2,1.0954451150103288,18.9,5.447872093288086
3/15/19,9:11:02,35.0,14.0,2019-03-15 09:11:02,490.0,2.4999982142869897,33.962616643629154,34.8,2.280350850198274,26.666666666666668,8.070095215151385,13.4,1.1401754250991345,18.366666666666667,5.095524292562194
3/15/19,9:16:03,35.0,13.0,2019-03-15 09:16:03,455.0,2.6923056213033685,33.639890057973105,34.6,2.190890230020662,27.333333333333332,7.897329681098169,13.4,1.1401754250991345,18.0,5.071896877011002
3/15/19,9:21:03,34.0,18.0,2019-03-15 09:21:03,612.0,1.8888878395067559,33.930343830661066,35.2,1.095445115010327,27.966666666666665,7.631528672884453,14.0,2.345207879911713,17.733333333333334,4.841867218431232
3/15/19,9:26:04,31.0,15.0,2019-03-15 09:26:04,465.0,2.0666652888898076,29.286003845333322,34.4,2.190890230020661,28.466666666666665,7.304855887711268,14.4,2.302172886644266,17.433333333333334,4.7174169826829155
3/15/19,9:31:05,32.0,15.0,2019-03-15 09:31:05,480.0,2.133331911112059,30.51692457917648,33.4,1.8165902124584907,29.033333333333335,6.870643865493021,15.0,1.8708286933869687,17.1,4.513199033639087
3/15/19,9:36:05,32.0,15.0,2019-03-15 09:36:05,480.0,2.133331911112059,30.51692457917648,32.8,1.6431676725154933,29.566666666666666,6.430977473476945,15.2,1.7888543819998295,16.733333333333334,4.2012587057503445
3/15/19,9:41:06,31.0,15.0,2019-03-15 09:41:06,465.0,2.0666652888898076,29.286003845333322,32.0,1.2247448713915814,30.066666666666666,5.901100618168379,15.6,1.3416407864998712,16.333333333333332,3.7355083975953134
3/15/19,9:46:09,30.0,16.0,2019-03-15 09:46:09,480.0,1.8749988281257324,28.308270809881456,31.2,0.8366600265340642,30.533333333333335,5.270171974772574,15.2,0.44721359549995815,16.0,3.2589399588166317
3/15/19,9:51:10,30.0,16.0,2019-03-15 09:51:10,480.0,1.8749988281257324,28.308270809881456,31.0,0.9999999999999906,30.966666666666665,4.61245191234318,15.4,0.5477225575051663,15.766666666666667,2.9790455927490402
3/15/19,9:56:10,31.0,18.0,2019-03-15 09:56:10,558.0,1.7222212654326303,30.054315725511096,30.8,0.8366600265340642,31.366666666666667,4.021351062493324,16.0,1.224744871391589,15.666666666666666,2.844636008874917
3/15/19,10:01:13,29.0,16.0,2019-03-15 10:01:13,464.0,1.812498867188208,27.086361183401202,30.2,0.8366600265340642,31.7,3.3129838618631413,16.2,1.0954451150103321,15.3,1.8781869467376886
3/15/19,10:06:14,29.0,19.0,2019-03-15 10:06:14,551.0,1.5263149861500074,27.769220571955593,29.8,0.8366600265340642,31.933333333333334,2.8153928290043817,17.0,1.4142135623730951,15.266666666666667,1.7991057804350163
3/15/19,10:11:20,35.0,13.0,2019-03-15 10:11:20,455.0,2.6923056213033685,33.639890057973105,30.8,2.489979919597743,32.233333333333334,2.635085987386302,16.4,2.3021728866442674,15.066666666666666,1.7005746155308152
3/15/19,10:16:20,34.0,14.0,2019-03-15 10:16:20,476.0,2.42856969387879,32.711255078168485,31.6,2.7928480087537846,32.46666666666667,2.459791599433534,16.0,2.5495097567963922,14.966666666666667,1.6709141279514554
3/15/19,10:21:23,30.0,16.0,2019-03-15 10:21:23,480.0,1.8749988281257324,28.308270809881456,31.4,2.8809720581775826,32.53333333333333,2.35962202311178,15.6,2.3021728866442674,14.933333333333334,1.638614497453148
3/15/19,10:26:24,30.0,22.0,2019-03-15 10:26:24,660.0,1.3636357438019346,29.757205696920334,31.6,2.701851217221255,32.53333333333333,2.35962202311178,16.8,3.7013511046643495,15.133333333333333,2.080008841714014
3/15/19,10:31:27,34.0,14.0,2019-03-15 10:31:27,476.0,2.42856969387879,32.711255078168485,32.6,2.4083189157584544,32.666666666666664,2.324284588981053,15.8,3.6331804249169903,15.066666666666666,2.083321839048577
3/15/19,10:36:28,34.0,14.0,2019-03-15 10:36:28,476.0,2.42856969387879,32.711255078168485,32.4,2.19089023002066,32.8,2.2803508501983005,16.0,3.4641016151377544,15.0,2.0844250013387784
3/15/19,10:41:31,30.0,16.0,2019-03-15 10:41:31,480.0,1.8749988281257324,28.308270809881456,31.6,2.19089023002066,32.766666666666666,2.3146211924131186,16.4,3.286335345030997,15.033333333333333,2.092405534197303
3/15/19,10:46:31,30.0,16.0,2019-03-15 10:46:31,480.0,1.8749988281257324,28.308270809881456,31.6,2.19089023002066,32.7,2.3657032197928043,16.4,3.286335345030997,15.066666666666666,2.099808420379851
3/15/19,10:51:32,28.0,17.0,2019-03-15 10:51:32,476.0,1.6470578546718502,26.090310977065982,31.2,2.6832815729997437,32.53333333333333,2.515240899319447,15.4,1.341640786499873,15.133333333333333,2.1291625896893387
3/15/19,10:56:33,30.0,19.0,2019-03-15 10:56:33,570.0,1.5789465373965592,29.032738253400893,30.4,2.190890230020659,32.4,2.5407031337393993,16.4,1.8165902124584954,15.3,2.230664042155341
3/15/19,11:01:36,33.0,17.0,2019-03-15 11:01:36,561.0,1.941175328720395,32.335498290717595,30.2,1.788854381999825,32.36666666666667,2.52550211236109,17.0,1.22474487139159,15.366666666666667,2.251181043797525
3/15/19,11:06:36,33.0,14.0,2019-03-15 11:06:36,462.0,2.3571411734705903,31.472371141375277,30.8,2.167948338867874,32.333333333333336,2.509751098159485,16.6,1.816590212458496,15.366666666666667,2.251181043797525
3/15/19,11:11:37,35.0,16.0,2019-03-15 11:11:37,560.0,2.1874986328133543,34.60806981494125,31.8,2.774887385102317,32.333333333333336,2.509751098159485,16.6,1.816590212458496,15.466666666666667,2.2086559079085926
3/15/19,11:16:40,35.0,13.0,2019-03-15 11:16:40,455.0,2.6923056213033685,33.639890057973105,33.2,2.0493901531919128,32.3,2.4656257511689974,15.8,2.3874672772626653,15.466666666666667,2.2086559079085926
3/15/19,11:21:43,30.0,16.0,2019-03-15 11:21:43,480.0,1.8749988281257324,28.308270809881456,33.2,2.0493901531919128,32.1,2.397556227092299,15.2,1.6431676725155,15.566666666666666,2.160512923347909
3/15/19,11:26:44,30.0,21.0,2019-03-15 11:26:44,630.0,1.4285707482996437,29.51571654908052,32.6,2.509980079602221,32.06666666666667,2.420221325492342,16.0,3.082207001484489,15.766666666666667,2.373464415855576
3/15/19,11:31:47,27.0,17.0,2019-03-15 11:31:47,459.0,1.5882343598621413,24.8782071450392,31.4,3.507135583350032,31.8,2.524364037357436,16.6,2.8809720581775875,15.9,2.324531840147903
3/15/19,11:36:47,27.0,17.0,2019-03-15 11:36:47,459.0,1.5882343598621413,24.8782071450392,29.8,3.2710854467592205,31.466666666666665,2.473770448098436,16.8,2.863564212655271,16.066666666666666,2.211776214490934
3/15/19,11:41:50,25.0,18.0,2019-03-15 11:41:50,450.0,1.3888881172843792,22.665580342900004,27.8,2.1679483388678733,31.133333333333333,2.648790658776767,17.8,1.923538406167135,16.2,2.2034455776788433
3/15/19,11:46:51,25.0,18.0,2019-03-15 11:46:51,450.0,1.3888881172843792,22.665580342900004,26.8,2.0493901531919128,30.8,2.7717789631732392,18.2,1.643167672515499,16.366666666666667,2.141274730450001
3/15/19,11:51:54,23.0,19.0,2019-03-15 11:51:54,437.0,1.2105256786706955,20.4518713689887,25.4,1.6733200530681425,30.433333333333334,3.0477049967354923,17.8,0.8366600265340762,16.4,2.175094131930382
3/15/19,11:56:55,23.0,19.0,2019-03-15 11:56:55,437.0,1.2105256786706955,20.4518713689887,24.6,1.6733200530681425,30.166666666666668,3.3330459646243846,18.2,0.8366600265340762,16.533333333333335,2.208655907908608
3/15/19,12:01:55,23.0,22.0,2019-03-15 12:01:55,506.0,1.0454540702481498,20.92672825181148,23.8,1.0954451150103197,29.866666666666667,3.5596719466569007,19.2,1.643167672515499,16.766666666666666,2.4023455970812098
3/15/19,12:06:56,22.0,20.0,2019-03-15 12:06:56,440.0,1.099999450000275,19.419897440360643,23.2,1.0954451150103197,29.533333333333335,3.812260921465549,19.6,1.516575088810311,16.933333333333334,2.4485510611073575
3/15/19,12:11:57,22.0,20.0,2019-03-15 12:11:57,440.0,1.099999450000275,19.419897440360643,22.6,0.547722557505141,29.233333333333334,4.040171841116061,20.0,1.2247448713915896,17.1,2.4823514991871405
3/15/19,12:17:00,23.0,19.0,2019-03-15 12:17:00,437.0,1.2105256786706955,20.4518713689887,22.6,0.547722557505141,29.0,4.193591169457477,20.0,1.2247448713915896,17.2,2.4968946230508204
3/15/19,12:22:00,23.0,22.0,2019-03-15 12:22:00,506.0,1.0454540702481498,20.92672825181148,22.6,0.547722557505141,28.766666666666666,4.3286004215214176,20.6,1.341640786499874,17.4,2.6339952609073127
3/15/19,12:27:01,24.0,19.0,2019-03-15 12:27:01,456.0,1.2631572299172473,21.642840864498986,22.8,0.836660026534059,28.533333333333335,4.392260696155056,20.0,1.2247448713915896,17.433333333333334,2.648139663643205
3/15/19,12:32:02,24.0,19.0,2019-03-15 12:32:02,456.0,1.2631572299172473,21.642840864498986,23.2,0.836660026534059,28.366666666666667,4.468150379753566,19.8,1.3038404810405304,17.533333333333335,2.6487906587766465
3/15/19,12:37:02,23.0,19.0,2019-03-15 12:37:02,437.0,1.2105256786706955,20.4518713689887,23.4,0.547722557505141,28.166666666666668,4.571903197856959,19.6,1.3416407864998745,17.533333333333335,2.6487906587766465
3/15/19,12:42:05,22.0,20.0,2019-03-15 12:42:05,440.0,1.099999450000275,19.419897440360643,23.2,0.836660026534059,27.733333333333334,4.517653749713319,19.8,1.3038404810405304,17.766666666666666,2.5418338931230995
3/15/19,12:47:06,22.0,20.0,2019-03-15 12:47:06,440.0,1.099999450000275,19.419897440360643,23.0,0.9999999999999862,27.333333333333332,4.474705409940086,19.4,0.5477225575051682,17.966666666666665,2.4702831519026662
3/15/19,12:52:07,22.0,23.0,2019-03-15 12:52:07,506.0,0.9565213232515986,19.86621538974807,22.6,0.8944271909999006,27.066666666666666,4.548082834696868,20.2,1.6431676725154991,18.2,2.6050349127317274
3/15/19,12:57:07,22.0,20.0,2019-03-15 12:57:07,440.0,1.099999450000275,19.419897440360643,22.2,0.4472135954999281,26.8,4.604345773288527,20.4,1.5165750888103111,18.133333333333333,2.528913264398375
3/15/19,13:02:08,24.0,19.0,2019-03-15 13:02:08,456.0,1.2631572299172473,21.642840864498986,22.4,0.8944271909999163,26.466666666666665,4.423552428982156,20.4,1.5165750888103111,18.3,2.409034718691607
3/15/19,13:07:09,24.0,19.0,2019-03-15 13:07:09,456.0,1.2631572299172473,21.642840864498986,22.8,1.0954451150103326,26.133333333333333,4.207819759262114,20.2,1.6431676725154991,18.466666666666665,2.2702473408210913
3/15/19,13:12:47,23.666666666666668,21.0,2019-03-15 13:12:47,497.0,1.1269835903252745,21.57453461445598,23.133333333333333,1.0434983894999021,25.92222222222222,4.165800676290792,20.4,1.673320053068152,18.633333333333333,2.2664469129443336
3/15/19,13:18:25,23.333333333333332,23.0,2019-03-15 13:18:25,536.6666666666666,1.0144923125395742,21.494000729282632,23.4,0.8299933065325831,25.7,4.118317180410868,20.4,1.673320053068152,18.866666666666667,2.3449628088121477
3/15/19,13:23:28,23.0,25.0,2019-03-15 13:23:28,575.0,0.9199996320001472,21.401585134634256,23.6,0.4346134936801794,25.533333333333335,4.123198550097338,21.4,2.6076809620810604,19.133333333333333,2.569493889966318
3/15/19,13:28:28,23.0,21.0,2019-03-15 13:28:28,483.0,1.0952375736963935,20.768442624203885,23.4,0.4346134936801794,25.3,4.059282914232224,21.8,2.280350850198277,19.2,2.5917641442287676
3/15/19,13:33:29,23.0,24.0,2019-03-15 13:33:29,552.0,0.9583329340279442,21.243299507026663,23.2,0.2981423969999755,24.966666666666665,3.8079871695588436,22.8,1.788854381999833,19.433333333333334,2.699723272323662
3/15/19,13:38:30,23.0,19.0,2019-03-15 13:38:30,437.0,1.2105256786706955,20.4518713689887,23.066666666666666,0.14907119849999118,24.633333333333333,3.506261503624712,22.4,2.4083189157584597,19.6,2.4996551486292105
3/15/19,13:43:30,23.0,19.0,2019-03-15 13:43:30,437.0,1.2105256786706955,20.4518713689887,23.0,0.0,24.233333333333334,2.917971793382011,21.6,2.7928480087537886,19.7,2.4090347186916237
3/15/19,13:48:31,23.0,19.0,2019-03-15 13:48:31,437.0,1.2105256786706955,20.4518713689887,23.0,0.0,23.833333333333332,2.0986220620652043,20.4,2.190890230020665,19.9,2.0569478561106482
3/15/19,13:54:09,22.933333333333334,19.066666666666666,2019-03-15 13:54:09,437.26222222222225,1.20279657195984,20.383351289463295,22.986666666666668,0.029814239699997486,23.597777777777775,1.750269455628209,20.013333333333332,2.2288013719386384,20.002222222222223,1.9286493662749544
3/15/19,13:59:47,22.866666666666667,19.133333333333333,2019-03-15 13:59:47,437.5155555555556,1.1951213265916412,20.314790057184638,22.96,0.0596284793999948,23.36,1.26885473446119,19.04,0.059628479399980776,19.94,1.9254576009820759
3/15/19,14:05:25,22.8,19.2,2019-03-15 14:05:25,437.76,1.1874993815107389,20.246188002959396,22.919999999999998,0.0869226987360364,23.220000000000002,1.0694145639453236,19.080000000000002,0.08692269873602679,20.013333333333332,1.850040902519657
3/15/19,14:11:03,22.733333333333334,19.266666666666666,2019-03-15 14:11:03,437.99555555555554,1.1799301834272407,20.17754545595946,22.866666666666667,0.10540925533894736,23.07777777777778,0.798865734854245,19.133333333333333,0.10540925533893944,20.08888888888889,1.767161789940551
3/15/19,14:16:41,22.666666666666668,19.333333333333332,2019-03-15 14:16:41,438.22222222222223,1.1724131866828347,20.1088627437279,22.8,0.10540925533894793,23.0,0.714384229659379,19.2,0.10540925533894,20.133333333333333,1.7291727253735616
3/15/19,14:22:19,22.6,19.4,2019-03-15 14:22:19,438.44,1.1649478531196635,20.04014019218488,22.733333333333334,0.10540925533894736,22.92,0.6093523979007565,19.266666666666666,0.10540925533893944,20.18,1.6880149987529478
3/15/19,14:27:57,22.533333333333335,19.466666666666665,2019-03-15 14:27:57,438.6488888888889,1.1575336519518913,19.97137812563359,22.666666666666668,0.10540925533894793,22.904444444444444,0.6131842230871425,19.333333333333332,0.10540925533894,20.195555555555554,1.6788915640326276
3/15/19,14:33:35,22.466666666666665,19.533333333333335,2019-03-15 14:33:35,438.8488888888889,1.1501700596399012,19.902576866766122,22.6,0.10540925533894793,22.886666666666667,0.6180304893964129,19.4,0.10540925533894,20.21333333333333,1.6685873989832143
3/15/19,14:39:13,22.4,19.6,2019-03-15 14:39:13,439.04,1.1428565597670612,19.83373673666941,22.533333333333335,0.1054092553389461,22.866666666666667,0.6239166856649654,19.466666666666665,0.10540925533893818,20.133333333333333,1.6372109730008924
3/15/19,14:44:51,22.333333333333332,19.666666666666668,2019-03-15 14:44:51,439.22222222222223,1.135592642918995,19.76485805483101,22.46666666666667,0.10540925533894428,22.87777777777778,0.6107801263198973,19.53333333333333,0.10540925533893634,20.12222222222222,1.6392768551766506
3/15/19,14:50:29,22.266666666666666,19.733333333333334,2019-03-15 14:50:29,439.3955555555556,1.1283778065653007,19.695941139144985,22.4,0.10540925533894245,22.886666666666667,0.5993994440157623,19.6,0.10540925533893451,20.113333333333333,1.6406848397223048
3/15/19,14:56:07,22.2,19.8,2019-03-15 14:56:07,439.56,1.121211554943659,19.626986305917782,22.333333333333332,0.10540925533894062,22.86,0.611849779975869,19.666666666666668,0.1054092553389327,20.14,1.6284209496538717
3/15/19,15:01:45,22.133333333333333,19.866666666666667,2019-03-15 15:01:45,439.71555555555557,1.1140933989462756,19.55799386987399,22.266666666666666,0.10540925533894006,22.83111111111111,0.625323415683118,19.733333333333334,0.10540925533893213,20.06888888888889,1.590535545205301
3/15/19,15:07:24,22.066666666666666,19.933333333333334,2019-03-15 15:07:24,439.8622222222222,1.1070228560086006,19.488964144162164,22.2,0.10540925533894062,22.766666666666666,0.5998083985260132,19.8,0.1054092553389327,20.1,1.5779855240704301
3/15/19,15:12:32,22.0,20.0,2019-03-15 15:12:32,440.0,1.099999450000275,19.419897440360643,22.133333333333333,0.10540925533894006,22.7,0.5683207771557685,19.866666666666667,0.10540925533893213,20.133333333333333,1.5644518460290326
3/15/19,15:17:32,24.0,19.0,2019-03-15 15:17:32,456.0,1.2631572299172473,21.642840864498986,22.48,0.8529686720833033,22.733333333333334,0.6140126173399733,19.72,0.4093355048802293,20.133333333333333,1.5644518460290326
3/15/19,15:22:33,23.0,24.0,2019-03-15 15:22:33,552.0,0.9583329340279442,21.243299507026663,22.64,0.8622966749069333,22.766666666666666,0.5998083985260128,20.56,1.9655929272246464,20.266666666666666,1.7158267111458505
3/15/19,15:27:34,22.0,20.0,2019-03-15 15:27:34,440.0,1.099999450000275,19.419897440360643,22.613333333333333,0.8836791775802384,22.766666666666666,0.5998083985260128,20.586666666666666,1.9547094129023086,20.266666666666666,1.7158267111458505
3/15/19,15:32:34,23.0,19.0,2019-03-15 15:32:34,437.0,1.2105256786706955,20.4518713689887,22.8,0.836660026534074,22.8,0.5832922809855136,20.4,2.073644135332772,20.133333333333333,1.6502641144705184
3/15/19,15:37:35,23.0,19.0,2019-03-15 15:37:35,437.0,1.2105256786706955,20.4518713689887,23.0,0.7071067811865457,22.833333333333332,0.5642612910678115,20.2,2.16794833886788,20.1,1.6630996311530308
3/15/19,15:42:36,23.0,19.0,2019-03-15 15:42:36,437.0,1.2105256786706955,20.4518713689887,22.8,0.44721359549995493,22.8,0.5208304597620073,20.2,2.16794833886788,20.1,1.6630996311530308
3/15/19,15:47:36,23.0,19.0,2019-03-15 15:47:36,437.0,1.2105256786706955,20.4518713689887,22.8,0.44721359549995493,22.766666666666666,0.47099796226691,19.2,0.44721359549995593,20.1,1.6630996311530308
3/15/19,15:52:37,23.0,19.0,2019-03-15 15:52:37,437.0,1.2105256786706955,20.4518713689887,23.0,0.0,22.744444444444447,0.4418988401541336,19.0,0.0,20.033333333333335,1.6658618746583385
3/15/19,15:57:37,24.0,19.0,2019-03-15 15:57:37,456.0,1.2631572299172473,21.642840864498986,23.2,0.44721359549995815,22.766666666666666,0.48699563751399855,19.0,0.0,19.9,1.5779855240704266
3/15/19,16:02:38,24.0,19.0,2019-03-15 16:02:38,456.0,1.2631572299172473,21.642840864498986,23.4,0.5477225575051665,22.8,0.5353410485979831,19.0,0.0,19.7,1.256858578595699
3/15/19,16:07:39,23.0,19.0,2019-03-15 16:07:39,437.0,1.2105256786706955,20.4518713689887,23.4,0.5477225575051665,22.8,0.5353410485979831,19.0,0.0,19.633333333333333,1.238433072513547
3/15/19,16:12:42,21.0,20.0,2019-03-15 16:12:42,420.0,1.0499994750002626,18.239894161731023,23.0,1.2247448713915894,22.733333333333334,0.6263682341488661,19.2,0.44721359549995815,19.5,0.9286829961182911
3/15/19,16:17:45,22.0,26.0,2019-03-15 16:17:45,572.0,0.8461535207101843,20.312533339135502,22.8,1.30384048104053,22.7,0.6381846860325,20.6,3.0495901363953806,19.733333333333334,1.5014679917559892
3/15/19,16:22:46,22.0,21.0,2019-03-15 16:22:46,462.0,1.047618548753072,19.568670090156452,22.4,1.1401754250991385,22.666666666666668,0.6480149470863461,21.0,2.9154759474226495,19.8,1.5121474922486047
3/15/19,16:27:46,23.0,19.0,2019-03-15 16:27:46,437.0,1.2105256786706955,20.4518713689887,22.2,0.8366600265340758,22.666666666666668,0.6480149470863461,21.0,2.9154759474226495,19.8,1.5121474922486047
3/15/19,16:32:47,23.0,19.0,2019-03-15 16:32:47,437.0,1.2105256786706955,20.4518713689887,22.2,0.8366600265340758,22.66888888888889,0.6490743974578838,21.0,2.9154759474226495,19.797777777777775,1.5133108847726795
3/15/19,16:37:47,23.0,19.0,2019-03-15 16:37:47,437.0,1.2105256786706955,20.4518713689887,22.6,0.5477225575051665,22.673333333333336,0.650929191433559,20.8,3.03315017762062,19.793333333333333,1.5155237578263054
3/15/19,16:42:48,23.0,19.0,2019-03-15 16:42:48,437.0,1.2105256786706955,20.4518713689887,22.8,0.44721359549995815,22.68,0.6532911081826094,19.4,0.8944271909999147,19.78666666666667,1.5186604300880682
3/15/19,16:47:49,23.0,19.0,2019-03-15 16:47:49,437.0,1.2105256786706955,20.4518713689887,23.0,0.0,22.688888888888886,0.655850962729117,19.0,0.0,19.77777777777778,1.5225843459974393
3/15/19,16:52:49,22.0,26.0,2019-03-15 16:52:49,572.0,0.8461535207101843,20.312533339135502,22.8,0.44721359549995815,22.666666666666668,0.6678151027747601,20.4,3.130495168499706,20.0,1.8961546083719418
3/15/19,16:57:52,22.0,20.0,2019-03-15 16:57:52,440.0,1.099999450000275,19.419897440360643,22.6,0.5477225575051665,22.646666666666665,0.6787750969089233,20.6,3.049590136395382,20.02,1.892769059511291
3/15/19,17:02:53,22.0,23.0,2019-03-15 17:02:53,506.0,0.9565213232515986,19.86621538974807,22.4,0.5477225575051665,22.628888888888888,0.6887566304876334,21.4,3.049590136395382,20.137777777777778,1.9656773925925042
3/15/19,17:07:54,22.0,20.0,2019-03-15 17:07:54,440.0,1.099999450000275,19.419897440360643,22.2,0.44721359549995815,22.613333333333333,0.6977577662648775,21.6,2.880972058177588,20.153333333333332,1.9625731799323114
3/15/19,17:12:54,22.0,20.0,2019-03-15 17:12:54,440.0,1.099999450000275,19.419897440360643,22.0,0.0,22.6,0.7057508704830259,21.8,2.6832815729997486,20.166666666666668,1.9600414414258864
3/15/19,17:17:55,23.0,25.0,2019-03-15 17:17:55,575.0,0.9199996320001472,21.401585134634256,22.2,0.44721359549995815,22.62222222222222,0.7075581740068421,21.6,2.302172886644269,20.344444444444445,2.1461599554269046
3/15/19,17:22:56,22.0,24.0,2019-03-15 17:22:56,528.0,0.9166662847223814,20.01498803954388,22.2,0.44721359549995815,22.613333333333333,0.7138262342616136,22.4,2.302172886644269,20.486666666666668,2.2434340125312304
3/15/19,17:27:56,22.0,20.0,2019-03-15 17:27:56,440.0,1.099999450000275,19.419897440360643,22.2,0.44721359549995815,22.60666666666667,0.7187366523830107,21.8,2.4899799195977472,20.493333333333332,2.241619556826603
3/15/19,17:32:57,21.0,24.0,2019-03-15 17:32:57,504.0,0.8749996354168186,18.79898410518834,22.0,0.7071067811865477,22.56888888888889,0.7722650832945424,22.6,2.4083189157584597,20.63111111111111,2.327166453802416
3/15/19,17:37:57,22.0,20.0,2019-03-15 17:37:57,440.0,1.099999450000275,19.419897440360643,22.0,0.7071067811865477,22.566666666666666,0.7738543627275436,22.6,2.4083189157584597,20.633333333333333,2.3265089035205793
3/15/19,17:42:58,22.0,26.0,2019-03-15 17:42:58,572.0,0.8461535207101843,20.312533339135502,21.8,0.44721359549995815,22.566666666666666,0.7738543627275436,22.8,2.683281572999748,20.833333333333332,2.5200346649685788
3/15/19,17:47:59,22.0,20.0,2019-03-15 17:47:59,440.0,1.099999450000275,19.419897440360643,21.8,0.44721359549995815,22.5,0.7310832774865649,22.0,2.8284271247461907,20.866666666666667,2.5014938065818666
3/15/19,17:52:59,22.0,22.0,2019-03-15 17:52:59,484.0,0.9999995454547521,19.71744273995226,21.8,0.44721359549995815,22.466666666666665,0.7302967433400896,22.4,2.60768096208106,20.8,2.4410286130348386
3/15/19,17:58:00,21.0,20.0,2019-03-15 17:58:00,420.0,1.0499994750002626,18.239894161731023,21.8,0.44721359549995815,22.433333333333334,0.7738543627275423,21.6,2.60768096208106,20.8,2.4410286130348386
3/15/19,18:03:00,21.0,20.0,2019-03-15 18:03:00,420.0,1.0499994750002626,18.239894161731023,21.6,0.5477225575051665,22.366666666666667,0.808716877841407,21.6,2.60768096208106,20.833333333333332,2.4223575483304773
3/15/19,18:08:01,21.0,20.0,2019-03-15 18:08:01,420.0,1.0499994750002626,18.239894161731023,21.4,0.5477225575051665,22.3,0.8366600265339591,20.4,0.8944271909999187,20.866666666666667,2.403063179293832
3/15/19,18:13:02,22.0,20.0,2019-03-15 18:13:02,440.0,1.099999450000275,19.419897440360643,21.4,0.5477225575051665,22.266666666666666,0.8276819867945492,20.4,0.8944271909999187,20.9,2.383130366729275
3/15/19,18:18:02,21.0,20.0,2019-03-15 18:18:02,420.0,1.0499994750002626,18.239894161731023,21.2,0.44721359549995815,22.2,0.8469010445796772,20.0,0.0,20.933333333333334,2.3625429510173825
3/15/19,18:23:03,21.0,22.0,2019-03-15 18:23:03,462.0,0.9545450206613543,18.51943913345968,21.2,0.44721359549995815,22.133333333333333,0.860366134304038,20.4,0.8944271909999163,21.033333333333335,2.3412836640189347
3/15/19,18:28:03,21.0,20.0,2019-03-15 18:28:03,420.0,1.0499994750002626,18.239894161731023,21.2,0.44721359549995815,22.033333333333335,0.8087168778414037,20.4,0.8944271909999163,21.066666666666666,2.3183426501873687
3/15/19,18:33:04,20.0,21.0,2019-03-15 18:33:04,420.0,0.9523804988664292,17.20092337286852,21.0,0.7071067811865477,21.9,0.8030115728971128,20.6,0.8944271909999163,21.133333333333333,2.2853858548933834
3/15/19,18:38:05,21.0,20.0,2019-03-15 18:38:05,420.0,1.0499994750002626,18.239894161731023,20.8,0.44721359549995815,21.833333333333332,0.7914775938767897,20.6,0.8944271909999163,21.166666666666668,2.2603529375516747
3/15/19,18:43:05,21.0,26.0,2019-03-15 18:43:05,546.0,0.8076919970415396,19.078529076916997,20.8,0.44721359549995815,21.833333333333332,0.7914775938767897,21.8,2.4899799195977463,21.366666666666667,2.4138013136148637
3/15/19,18:48:06,21.0,20.0,2019-03-15 18:48:06,420.0,1.0499994750002626,18.239894161731023,20.8,0.44721359549995815,21.8,0.8051557998727714,21.4,2.6076809620810595,21.166666666666668,2.2603529375516747
3/15/19,18:53:07,20.0,26.0,2019-03-15 18:53:07,520.0,0.7692304733728949,17.857227879636156,20.6,0.5477225575051665,21.733333333333334,0.8683449709104919,22.6,3.1304951684997055,21.333333333333332,2.425913739452417
3/15/19,18:58:07,20.0,21.0,2019-03-15 18:58:07,420.0,0.9523804988664292,17.20092337286852,20.6,0.5477225575051665,21.633333333333333,0.8899179866641084,22.6,3.1304951684997055,21.4,2.3867450060988036
3/15/19,19:03:08,21.0,26.0,2019-03-15 19:03:08,546.0,0.8076919970415396,19.078529076916997,20.6,0.5477225575051665,21.566666666666666,0.8583598366624545,23.8,3.03315017762062,21.633333333333333,2.4842029642957417
3/15/19,19:08:08,20.0,21.0,2019-03-15 19:08:08,420.0,0.9523804988664292,17.20092337286852,20.4,0.5477225575051665,21.466666666666665,0.8603661343040317,22.8,2.949576240750525,21.7,2.4374944739105544
3/15/19,19:13:09,20.0,25.0,2019-03-15 19:13:09,500.0,0.799999680000128,17.725966978282628,20.2,0.44721359549995815,21.366666666666667,0.8502873077653913,23.8,2.5884358211089564,21.9,2.454411931814657
3/15/19,19:18:10,20.0,21.0,2019-03-15 19:18:10,420.0,0.9523804988664292,17.20092337286852,20.2,0.44721359549995815,21.266666666666666,0.8276819867945401,22.8,2.4899799195977463,21.966666666666665,2.399473122243192
3/15/19,19:23:10,19.0,21.0,2019-03-15 19:23:10,399.0,0.9047614739231077,16.03195168262408,20.0,0.7071067811865477,21.166666666666668,0.9128709291751604,22.8,2.4899799195977463,21.8,2.280350850198203
3/15/19,19:28:11,20.0,21.0,2019-03-15 19:28:11,420.0,0.9523804988664292,17.20092337286852,19.8,0.44721359549995815,21.1,0.9228890171254724,21.8,1.7888543819998315,21.833333333333332,2.2603529375516818
3/15/19,19:33:12,19.0,21.0,2019-03-15 19:33:12,399.0,0.9047614739231077,16.03195168262408,19.6,0.5477225575051665,21.0,0.9826073688809253,21.8,1.7888543819998315,21.766666666666666,2.2542424881547154
3/15/19,19:38:12,19.0,21.0,2019-03-15 19:38:12,399.0,0.9047614739231077,16.03195168262408,19.4,0.5477225575051665,20.9,1.0288929437288192,21.0,0.0,21.8,2.2345253295220275
3/15/19,19:43:13,20.0,21.0,2019-03-15 19:43:13,420.0,0.9523804988664292,17.20092337286852,19.4,0.5477225575051665,20.833333333333332,1.0199166069131598,21.0,0.0,21.833333333333332,2.2141135586447183
3/15/19,19:48:13,19.0,21.0,2019-03-15 19:48:13,399.0,0.9047614739231077,16.03195168262408,19.4,0.5477225575051665,20.7,0.9878573120472898,21.0,0.0,21.7,2.135900036405473
3/15/19,19:53:14,21.0,20.0,2019-03-15 19:53:14,420.0,1.0499994750002626,18.239894161731023,19.6,0.8944271909999156,20.666666666666668,0.9589266029706529,20.8,0.44721359549995815,21.566666666666666,2.1120889044331297
3/15/19,19:58:15,21.0,20.0,2019-03-15 19:58:15,420.0,1.0499994750002626,18.239894161731023,20.0,0.9999999999999997,20.633333333333333,0.9278574999587292,20.6,0.5477225575051665,21.566666666666666,2.1120889044331297
3/15/19,20:03:15,21.0,20.0,2019-03-15 20:03:15,420.0,1.0499994750002626,18.239894161731023,20.4,0.8944271909999156,20.633333333333333,0.9278574999587292,20.4,0.5477225575051665,21.433333333333334,2.07917976753978
3/15/19,20:08:16,21.0,22.0,2019-03-15 20:08:16,462.0,0.9545450206613543,18.51943913345968,20.6,0.8944271909999156,20.6,0.8944271909997917,20.6,0.8944271909999156,21.5,2.0636425779806986
3/15/19,20:13:16,21.0,23.0,2019-03-15 20:13:16,483.0,0.9130430812856168,18.659211619324008,21.0,0.0,20.566666666666666,0.8583598366624454,21.0,1.414213562373095,21.4,1.9046223265771611
3/15/19,20:18:17,21.0,20.0,2019-03-15 20:18:17,420.0,1.0499994750002626,18.239894161731023,21.0,0.0,20.533333333333335,0.8193072487265501,21.0,1.414213562373095,21.4,1.9046223265771611
3/15/19,20:23:18,21.0,26.0,2019-03-15 20:23:18,546.0,0.8076919970415396,19.078529076916997,21.0,0.0,20.5,0.7768193328321882,22.2,2.489979919597747,21.533333333333335,2.0800088417141036
3/15/19,20:28:18,21.0,20.0,2019-03-15 20:28:18,420.0,1.0499994750002626,18.239894161731023,21.0,0.0,20.5,0.7768193328321882,22.2,2.489979919597747,21.533333333333335,2.0800088417141036
3/15/19,20:33:19,21.0,26.0,2019-03-15 20:33:19,546.0,0.8076919970415396,19.078529076916997,21.0,0.0,20.5,0.7768193328321882,23.0,3.0,21.733333333333334,2.2117762144910063
3/15/19,20:38:19,21.0,20.0,2019-03-15 20:38:19,420.0,1.0499994750002626,18.239894161731023,21.0,0.0,20.5,0.7768193328321882,22.4,3.2863353450309964,21.733333333333334,2.2117762144910063
3/15/19,20:43:20,21.0,23.0,2019-03-15 20:43:20,483.0,0.9130430812856168,18.659211619324008,21.0,0.0,20.466666666666665,0.7302967433400687,23.0,3.0,21.833333333333332,2.1984843263787437
3/15/19,20:48:21,19.0,21.0,2019-03-15 20:48:21,399.0,0.9047614739231077,16.03195168262408,20.6,0.8944271909999163,20.4,0.7701320979388134,22.0,2.5495097567963922,21.866666666666667,2.177206899919513
3/15/19,20:53:21,20.0,21.0,2019-03-15 20:53:21,420.0,0.9523804988664292,17.20092337286852,20.4,0.8944271909999163,20.366666666666667,0.7648904962569109,22.2,2.3874672772626644,21.833333333333332,2.182743186014245
3/15/19,20:58:22,20.0,21.0,2019-03-15 20:58:22,420.0,0.9523804988664292,17.20092337286852,20.2,0.8366600265340758,20.333333333333332,0.7580980435787552,21.2,1.0954451150103315,21.866666666666667,2.16131079852384
3/15/19,21:03:22,20.0,21.0,2019-03-15 21:03:22,420.0,0.9523804988664292,17.20092337286852,20.0,0.7071067811865477,20.333333333333332,0.7580980435787552,21.4,0.8944271909999149,21.866666666666667,2.16131079852384
3/15/19,21:08:23,19.0,27.0,2019-03-15 21:08:23,513.0,0.7037034430727989,16.771239464961116,19.6,0.5477225575051665,20.266666666666666,0.7849152527647572,22.2,2.6832815729997477,22.1,2.3245318401479786
3/15/19,21:13:24,19.0,24.0,2019-03-15 21:13:24,456.0,0.791666336805693,16.401595573792598,19.6,0.5477225575051665,20.2,0.8051557998727567,22.8,2.6832815729997477,22.033333333333335,2.235810943419036
3/15/19,21:18:27,18.0,33.0,2019-03-15 21:18:27,594.0,0.5454543801653393,16.259618829627723,19.2,0.8366600265340758,20.1,0.8847364696277795,25.2,5.019960159204453,22.466666666666665,2.9680288749098365
3/15/19,21:23:28,19.0,23.0,2019-03-15 21:23:28,437.0,0.8260865973536533,16.278380943403093,19.0,0.7071067811865477,20.066666666666666,0.9071871393196103,25.6,4.669047011971501,22.366666666666667,2.894505297894603
3/15/19,21:28:31,19.0,24.0,2019-03-15 21:28:31,456.0,0.791666336805693,16.401595573792598,18.8,0.44721359549995815,20.033333333333335,0.9278574999587254,26.2,4.08656334834051,22.466666666666665,2.8974820618685935
3/15/19,21:33:31,19.0,21.0,2019-03-15 21:33:31,399.0,0.9047614739231077,16.03195168262408,18.8,0.44721359549995815,19.966666666666665,0.9278574999587249,25.0,4.636809247747852,22.3,2.830255258379692
3/15/19,21:38:32,19.0,21.0,2019-03-15 21:38:32,399.0,0.9047614739231077,16.03195168262408,18.8,0.44721359549995815,19.933333333333334,0.9444331755017269,24.4,4.979959839195493,22.3,2.830255258379692
3/15/19,21:43:33,18.0,22.0,2019-03-15 21:43:33,396.0,0.8181814462811607,14.98789403456663,18.8,0.44721359549995815,19.866666666666667,1.0080138659873472,22.2,1.3038404810405284,22.2,2.784191828508
3/15/19,21:48:36,19.0,21.0,2019-03-15 21:48:36,399.0,0.9047614739231077,16.03195168262408,18.8,0.44721359549995815,19.833333333333332,1.0199166069131536,21.8,1.3038404810405284,22.2,2.784191828508
3/15/19,21:53:36,19.0,21.0,2019-03-15 21:53:36,399.0,0.9047614739231077,16.03195168262408,18.8,0.44721359549995815,19.833333333333332,1.0199166069131536,21.2,0.44721359549995443,22.2,2.784191828508
3/15/19,21:58:37,19.0,27.0,2019-03-15 21:58:37,513.0,0.7037034430727989,16.771239464961116,18.8,0.44721359549995815,19.8,1.0305673027595093,22.4,2.6076809620810595,22.4,2.9077779168624276
3/15/19,22:03:37,19.0,21.0,2019-03-15 22:03:37,399.0,0.9047614739231077,16.03195168262408,18.8,0.44721359549995815,19.8,1.0305673027595093,22.4,2.6076809620810595,22.4,2.9077779168624276
3/15/19,22:08:38,19.0,27.0,2019-03-15 22:08:38,513.0,0.7037034430727989,16.771239464961116,19.0,0.0,19.8,1.0305673027595093,23.4,3.286335345030997,22.6,3.0126171460982603
3/15/19,22:13:39,19.0,21.0,2019-03-15 22:13:39,399.0,0.9047614739231077,16.03195168262408,19.0,0.0,19.766666666666666,1.0400044208569823,23.4,3.286335345030997,22.6,3.0126171460982603
3/15/19,22:18:39,19.0,27.0,2019-03-15 22:18:39,513.0,0.7037034430727989,16.771239464961116,19.0,0.0,19.766666666666666,1.0400044208569823,24.6,3.286335345030997,22.8,3.1006117305215746
3/15/19,22:23:40,19.0,21.0,2019-03-15 22:23:40,399.0,0.9047614739231077,16.03195168262408,19.0,0.0,19.7,1.0221680811914762,23.4,3.286335345030997,22.833333333333332,3.0747394992918453
3/15/19,22:28:41,19.0,27.0,2019-03-15 22:28:41,513.0,0.7037034430727989,16.771239464961116,19.0,0.0,19.633333333333333,0.9994251221139133,24.6,3.286335345030997,23.066666666666666,3.1176177170854014
3/15/19,22:33:41,19.0,21.0,2019-03-15 22:33:41,399.0,0.9047614739231077,16.03195168262408,19.0,0.0,19.566666666666666,0.971430986184457,23.4,3.286335345030997,23.1,3.0889123183322256
3/15/19,22:38:42,19.0,21.0,2019-03-15 22:38:42,399.0,0.9047614739231077,16.03195168262408,19.0,0.0,19.5,0.9377154924748509,23.4,3.286335345030997,23.066666666666666,3.1065374152975225
3/15/19,22:43:43,19.0,21.0,2019-03-15 22:43:43,399.0,0.9047614739231077,16.03195168262408,19.0,0.0,19.433333333333334,0.8976341829701824,22.2,2.6832815729997477,23.0,3.1293934633209024
3/15/19,22:48:43,19.0,21.0,2019-03-15 22:48:43,399.0,0.9047614739231077,16.03195168262408,19.0,0.0,19.366666666666667,0.8502873077653761,22.2,2.6832815729997477,23.033333333333335,3.101538365051251
3/15/19,22:53:44,19.0,21.0,2019-03-15 22:53:44,399.0,0.9047614739231077,16.03195168262408,19.0,0.0,19.3,0.7943767889096364,21.0,0.0,22.866666666666667,3.0708117912810917
3/15/19,22:58:44,18.0,22.0,2019-03-15 22:58:44,396.0,0.8181814462811607,14.98789403456663,18.8,0.44721359549995815,19.2,0.7611243951072322,21.2,0.44721359549995815,22.933333333333334,3.0278401694861223
3/15/19,23:03:45,17.0,22.0,2019-03-15 23:03:45,374.0,0.772726921487763,13.829896197156556,18.4,0.8944271909999156,19.066666666666666,0.7849152527647506,21.4,0.5477225575051665,22.8,2.975764173081063
3/15/19,23:08:46,18.0,22.0,2019-03-15 23:08:46,396.0,0.8181814462811607,14.98789403456663,18.2,0.8366600265340751,18.966666666666665,0.7183954022839736,21.6,0.5477225575051665,22.866666666666667,2.9329675843033853
3/15/19,23:13:46,18.0,24.0,2019-03-15 23:13:46,432.0,0.7499996875001302,15.219116724577738,18.0,0.7071067811865469,18.866666666666667,0.6288102248296683,22.2,1.0954451150103326,22.9,2.940208765752293
3/15/19,23:18:47,18.0,28.0,2019-03-15 23:18:47,504.0,0.6428569132653881,15.681562104599955,17.8,0.4472135954999569,18.833333333333332,0.6477192523654215,23.6,2.6076809620810595,23.133333333333333,3.0595619850281874
3/15/19,23:23:47,18.0,22.0,2019-03-15 23:23:47,396.0,0.8181814462811607,14.98789403456663,17.8,0.4472135954999569,18.766666666666666,0.6260623155791033,23.6,2.6076809620810595,23.166666666666668,3.0409088175710477
3/15/19,23:28:48,18.0,28.0,2019-03-15 23:28:48,504.0,0.6428569132653881,15.681562104599955,18.0,0.0,18.7,0.5959634332682386,24.8,3.03315017762062,23.4,3.1359978888099462
3/15/19,23:33:49,18.0,22.0,2019-03-15 23:33:49,396.0,0.8181814462811607,14.98789403456663,18.0,0.0,18.633333333333333,0.5560534167673222,24.8,3.03315017762062,23.433333333333334,3.114851336833664
3/15/19,23:38:49,18.0,28.0,2019-03-15 23:38:49,504.0,0.6428569132653881,15.681562104599955,18.0,0.0,18.6,0.5632418479748353,25.6,3.286335345030996,23.466666666666665,3.159368480472332
3/15/19,23:43:50,18.0,22.0,2019-03-15 23:43:50,396.0,0.8181814462811607,14.98789403456663,18.0,0.0,18.566666666666666,0.5683207771557266,24.4,3.286335345030996,23.4,3.1688135493185103
3/15/19,23:48:51,18.0,28.0,2019-03-15 23:48:51,504.0,0.6428569132653881,15.681562104599955,18.0,0.0,18.566666666666666,0.5683207771557266,25.6,3.286335345030996,23.233333333333334,2.7503395819592344
3/15/19,23:53:51,18.0,22.0,2019-03-15 23:53:51,396.0,0.8181814462811607,14.98789403456663,18.0,0.0,18.533333333333335,0.5713464637231581,24.4,3.286335345030996,23.2,2.7593102586421874
3/15/19,23:58:52,18.0,22.0,2019-03-15 23:58:52,396.0,0.8181814462811607,14.98789403456663,18.0,0.0,18.5,0.5723514714721317,24.4,3.286335345030996,23.133333333333333,2.7634727444277676
3/16/19,0:03:52,18.0,22.0,2019-03-16 00:03:52,396.0,0.8181814462811607,14.98789403456663,18.0,0.0,18.466666666666665,0.5713464637231581,23.2,2.6832815729997463,23.166666666666668,2.742806683991211
3/16/19,0:08:53,18.0,22.0,2019-03-16 00:08:53,396.0,0.8181814462811607,14.98789403456663,18.0,0.0,18.433333333333334,0.5683207771557266,23.2,2.6832815729997463,23.2,2.7215614179591605
